indice,asignatura,cod_asignatura,cod_plan,curso_aca,id,cod_tipologia,plan,tipologia,universidad,cod_universidad
1,Álgebra,3012315ALG,ING-Informática,2017/2018,FPM12345,M7QB,Plan 2018,Básica,Universidad de la Laguna,ULL015
2,Informática Básica,3012315INF,ING-Informática,2017/2018,FPM12345,M7QB,Plan 2018,Básica,Universidad de la Laguna,ULL015
3,Cálculo,3012315CAL,ING-Informática,2017/2018,FPM12345,M7QB,Plan 2018,Básica,Universidad de la Laguna,ULL015
4,Fundamentos Físicos,3012315FIS,ING-Informática,2017/2018,FPM12345,M7QB,Plan 2018,Básica,Universidad de la Laguna,ULL015
5,Algoritmos y Estructuras de Datos,3012315AED,ING-Informática,2017/2018,FPM12345,M7QB,Plan 2018,Básica,Universidad de la Laguna,ULL015
6,Principios de Computadores,3012315PRI,ING-Informática,2017/2018,FPM12345,M7QB,Plan 2018,Básica,Universidad de la Laguna,ULL015
7,Optimización,3012315OPT,ING-Informática,2017/2018,FPM12345,M7QB,Plan 2018,Básica,Universidad de la Laguna,ULL015
8,Sistemas Electrónicos Digitales,3012315SED,ING-Informática,2017/2018,FPM12345,M7QB,Plan 2018,Básica,Universidad de la Laguna,ULL015
9,Expresión Gráfica,3012315EXP,ING-Informática,2017/2018,FPM12345,M7QB,Plan 2018,Básica,Universidad de la Laguna,ULL015
10,Organizaciones Empresariales,3012315ORG,ING-Informática,2017/2018,FPM12345,M7QB,Plan 2018,Básica,Universidad de la Laguna,ULL015
11,Estructuras de Computadores,3012315EST,ING-Informática,2018/2019,FPM12345,M7QB,Plan 2018,Básica,Universidad de la Laguna,ULL015
12,Sistemas Operativos,3012315SIS,ING-Informática,2018/2019,FPM12345,M7QB,Plan 2018,Básica,Universidad de la Laguna,ULL015
13,Inglés Técnico,3012315ING,ING-Informática,2018/2019,FPM12345,M7QB,Plan 2018,Básica,Universidad de la Laguna,ULL015
14,Fundamentos de Ingeniería del Software,3012315FIS,ING-Informática,2018/2019,FPM12345,M7QB,Plan 2018,Básica,Universidad de la Laguna,ULL015
15,Código Deontológico y Aspectos Legales,3012315COD,ING-Informática,2018/2019,FPM12345,M7QB,Plan 2018,Básica,Universidad de la Laguna,ULL015
16,Informática Básica,3012315INF,ING-Informática,2018/2019,FPM12345,M7QB,Plan 2018,Básica,Universidad de la Laguna,ULL015
17,Cálculo,3012315CAL,ING-Informática,2018/2019,FPM12345,M7QB,Plan 2018,Básica,Universidad de la Laguna,ULL015
18,Algoritmos y Estructuras de Datos,3012315AED,ING-Informática,2018/2019,FPM12345,M7QB,Plan 2018,Básica,Universidad de la Laguna,ULL015
19,Principios de Computadores,3012315PRI,ING-Informática,2018/2019,FPM12345,M7QB,Plan 2018,Básica,Universidad de la Laguna,ULL015
20,Optimización,3012315OPT,ING-Informática,2018/2019,FPM12345,M7QB,Plan 2018,Básica,Universidad de la Laguna,ULL015
21,Algoritmos y Estructuras de Datos,3012315AED,ING-Informática,2019/2020,FPM12345,M7QB,Plan 2018,Básica,Universidad de la Laguna,ULL015
22,Cálculo,3012315CAL,ING-Informática,2019/2020,FPM12345,M7QB,Plan 2018,Básica,Universidad de la Laguna,ULL015
23,Principios de Computadores,3012315PRI,ING-Informática,2019/2020,FPM12345,M7QB,Plan 2018,Básica,Universidad de la Laguna,ULL015
24,Estadística,3012315EST,ING-Informática,2019/2020,FPM12345,M7QB,Plan 2018,Básica,Universidad de la Laguna,ULL015
25,Computabilidad y Algoritmia,3012315COM,ING-Informática,2019/2020,FPM12345,M7QB,Plan 2018,Básica,Universidad de la Laguna,ULL015
26,Estructuras de Computadores,3012315EST,ING-Informática,2019/2020,FPM12345,M7QB,Plan 2018,Básica,Universidad de la Laguna,ULL015
27,Sistemas Operativos,3012315SIS,ING-Informática,2019/2020,FPM12345,M7QB,Plan 2018,Básica,Universidad de la Laguna,ULL015
28,Algoritmos y Estructuras de Datos Avanzados,3568974ALA,ING-Informática,2019/2020,FPM12345,M7QB,Plan 2018,Básica,Universidad de la Laguna,ULL015
29,Redes y Sistemas Distribuidos,3568974RED,ING-Informática,2019/2020,FPM12345,M7QB,Plan 2018,Básica,Universidad de la Laguna,ULL015
30,Administración de Sistemas,3568974ADM,ING-Informática,2019/2020,FPM12345,M7QB,Plan 2018,Básica,Universidad de la Laguna,ULL015
31,Algoritmos y Estructuras de Datos,3012315AED,ING-Informática,2020/2021,FPM12345,M7QB,Plan 2018,Básica,Universidad de la Laguna,ULL015
32,Estadística,3012315EST,ING-Informática,2020/2021,FPM12345,M7QB,Plan 2018,Básica,Universidad de la Laguna,ULL015
33,Computabilidad y Algoritmia,3012315COM,ING-Informática,2020/2021,FPM12345,M7QB,Plan 2018,Básica,Universidad de la Laguna,ULL015
34,Sistemas Operativos,3012315SIS,ING-Informática,2020/2021,FPM12345,M7QB,Plan 2018,Básica,Universidad de la Laguna,ULL015
35,Algoritmos y Estructuras de Datos Avanzados,3568974ALA,ING-Informática,2020/2021,FPM12345,M7QB,Plan 2018,Básica,Universidad de la Laguna,ULL015
36,Administración de Sistemas,3568974ADM,ING-Informática,2020/2021,FPM12345,M7QB,Plan 2018,Básica,Universidad de la Laguna,ULL015
37,Sistemas de Interacción Persona-Computador,3568974SIP,ING-Informática,2020/2021,FPM12345,M7QB,Plan 2018,Básica,Universidad de la Laguna,ULL015
38,Gestión de Proyectos Informáticos,3568974GPI,ING-Informática,2020/2021,FPM12345,M7QB,Plan 2018,Básica,Universidad de la Laguna,ULL015
39,Modelado de Datos,3568974MOD,ING-Informática,2020/2021,FPM12345,M7QB,Plan 2018,Básica,Universidad de la Laguna,ULL015
40,Gestión de la Calidad,3568974GCA,ING-Informática,2020/2021,FPM12345,M7QB,Plan 2018,Básica,Universidad de la Laguna,ULL015
41,Algoritmos y Estructuras de Datos,3012315AED,ING-Informática,2021/2022,FPM12345,M7QB,Plan 2018,Básica,Universidad de la Laguna,ULL015
42,Estadística,3012315EST,ING-Informática,2021/2022,FPM12345,M7QB,Plan 2018,Básica,Universidad de la Laguna,ULL015
43,Computabilidad y Algoritmia,3012315COM,ING-Informática,2021/2022,FPM12345,M7QB,Plan 2018,Básica,Universidad de la Laguna,ULL015
44,Sistemas Operativos,3012315SIS,ING-Informática,2021/2022,FPM12345,M7QB,Plan 2018,Básica,Universidad de la Laguna,ULL015
45,Algoritmos y Estructuras de Datos Avanzados,3568974ALA,ING-Informática,2021/2022,FPM12345,M7QB,Plan 2018,Básica,Universidad de la Laguna,ULL015
46,Bases de Datos,3568974BDA,ING-Informática,2021/2022,FPM12345,M7QB,Plan 2018,Básica,Universidad de la Laguna,ULL015
47,Inteligencia Artificial,3568974INT,ING-Informática,2021/2022,FPM12345,M7QB,Plan 2018,Básica,Universidad de la Laguna,ULL015
48,Modelado de Sistemas Software,3568974MSS,ING-Informática,2021/2022,FPM12345,M7QB,Plan 2018,Básica,Universidad de la Laguna,ULL015
49,Análisis de Sistemas Software,3568974ASS,ING-Informática,2021/2022,FPM12345,M7QB,Plan 2018,Básica,Universidad de la Laguna,ULL015
50,Gestión de Riesgos en Ingeniería del Software,3568974GRI,ING-Informática,2021/2022,FPM12345,M7QB,Plan 2018,Básica,Universidad de la Laguna,ULL015
51,Computabilidad y Algoritmia,3012315COM,ING-Informática,2022/2023,FPM12345,M7QB,Plan 2018,Básica,Universidad de la Laguna,ULL015
52,Algoritmos y Estructuras de Datos Avanzados,3568974ALA,ING-Informática,2022/2023,FPM12345,M7QB,Plan 2018,Básica,Universidad de la Laguna,ULL015
53,Lenguajes y Paradigmas de Programación,3568974LPP,ING-Informática,2022/2023,FPM12345,M7QB,Plan 2018,Básica,Universidad de la Laguna,ULL015
54,Modelado de Sistemas Software,3568974MSS,ING-Informática,2022/2023,FPM12345,M7QB,Plan 2018,Básica,Universidad de la Laguna,ULL015
55,Administración y Diseño de Bases de Datos,3568974ADB,ING-Informática,2022/2023,FPM12345,M7QB,Plan 2018,Básica,Universidad de la Laguna,ULL015
56,Ingeniería Logística,3568974LOG,ING-Informática,2022/2023,FPM12345,M7QB,Plan 2018,Básica,Universidad de la Laguna,ULL015
57,Inteligencia Emocional,3568974IEM,ING-Informática,2022/2023,FPM12345,M7QB,Plan 2018,Básica,Universidad de la Laguna,ULL015
58,Laboratorio de Desarrollo y Herramientas,3568974LDH,ING-Informática,2022/2023,FPM12345,M7QB,Plan 2018,Básica,Universidad de la Laguna,ULL015
59,Normativa y Regulación,3568974NOR,ING-Informática,2022/2023,FPM12345,M7QB,Plan 2018,Básica,Universidad de la Laguna,ULL015
60,Diseño Arquitectónico y Patrones,3568974DAP,ING-Informática,2022/2023,FPM12345,M7QB,Plan 2018,Básica,Universidad de la Laguna,ULL015
61,Computabilidad y Algoritmia,3012315COM,ING-Informática,2023/2024,FPM12345,M7QB,Plan 2018,Básica,Universidad de la Laguna,ULL015
62,Diseño Arquitectónico y Patrones,3568974DAP,ING-Informática,2023/2024,FPM12345,M7QB,Plan 2018,Básica,Universidad de la Laguna,ULL015
63,Álgebra,3012315ALG,ING-Informática,2017/2018,VMM14584,M7QB,Plan 2018,Básica,Universidad de la Laguna,ULL015
64,Informática Básica,3012315INF,ING-Informática,2017/2018,VMM14584,M7QB,Plan 2018,Básica,Universidad de la Laguna,ULL015
65,Cálculo,3012315CAL,ING-Informática,2017/2018,VMM14584,M7QB,Plan 2018,Básica,Universidad de la Laguna,ULL015
66,Fundamentos Físicos,3012315FIS,ING-Informática,2017/2018,VMM14584,M7QB,Plan 2018,Básica,Universidad de la Laguna,ULL015
67,Algoritmos y Estructuras de Datos,3012315AED,ING-Informática,2017/2018,VMM14584,M7QB,Plan 2018,Básica,Universidad de la Laguna,ULL015
68,Principios de Computadores,3012315PRI,ING-Informática,2017/2018,VMM14584,M7QB,Plan 2018,Básica,Universidad de la Laguna,ULL015
69,Optimización,3012315OPT,ING-Informática,2017/2018,VMM14584,M7QB,Plan 2018,Básica,Universidad de la Laguna,ULL015
70,Sistemas Electrónicos Digitales,3012315SED,ING-Informática,2017/2018,VMM14584,M7QB,Plan 2018,Básica,Universidad de la Laguna,ULL015
71,Expresión Gráfica,3012315EXP,ING-Informática,2017/2018,VMM14584,M7QB,Plan 2018,Básica,Universidad de la Laguna,ULL015
72,Organizaciones Empresariales,3012315ORG,ING-Informática,2017/2018,VMM14584,M7QB,Plan 2018,Básica,Universidad de la Laguna,ULL015
73,Estructuras de Computadores,3012315EST,ING-Informática,2018/2019,VMM14584,M7QB,Plan 2018,Básica,Universidad de la Laguna,ULL015
74,Sistemas Operativos,3012315SIS,ING-Informática,2018/2019,VMM14584,M7QB,Plan 2018,Básica,Universidad de la Laguna,ULL015
75,Inglés Técnico,3012315ING,ING-Informática,2018/2019,VMM14584,M7QB,Plan 2018,Básica,Universidad de la Laguna,ULL015
76,Fundamentos de Ingeniería del Software,3012315FIS,ING-Informática,2018/2019,VMM14584,M7QB,Plan 2018,Básica,Universidad de la Laguna,ULL015
77,Código Deontológico y Aspectos Legales,3012315COD,ING-Informática,2018/2019,VMM14584,M7QB,Plan 2018,Básica,Universidad de la Laguna,ULL015
78,Estadística,3012315EST,ING-Informática,2018/2019,VMM14584,M7QB,Plan 2018,Básica,Universidad de la Laguna,ULL015
79,Computabilidad y Algoritmia,3012315COM,ING-Informática,2018/2019,VMM14584,M7QB,Plan 2018,Básica,Universidad de la Laguna,ULL015
80,Algoritmos y Estructuras de Datos Avanzados,3568974ALA,ING-Informática,2018/2019,VMM14584,M7QB,Plan 2018,Básica,Universidad de la Laguna,ULL015
81,Redes y Sistemas Distribuidos,3568974RED,ING-Informática,2018/2019,VMM14584,M7QB,Plan 2018,Básica,Universidad de la Laguna,ULL015
82,Administración de Sistemas,3568974ADM,ING-Informática,2018/2019,VMM14584,M7QB,Plan 2018,Básica,Universidad de la Laguna,ULL015
83,Sistemas de Interacción Persona-Computador,3568974SIP,ING-Informática,2019/2020,VMM14584,M7QB,Plan 2018,Básica,Universidad de la Laguna,ULL015
84,Gestión de Proyectos Informáticos,3568974GPI,ING-Informática,2019/2020,VMM14584,M7QB,Plan 2018,Básica,Universidad de la Laguna,ULL015
85,Modelado de Datos,3568974MOD,ING-Informática,2019/2020,VMM14584,M7QB,Plan 2018,Básica,Universidad de la Laguna,ULL015
86,Gestión de la Calidad,3568974GCA,ING-Informática,2019/2020,VMM14584,M7QB,Plan 2018,Básica,Universidad de la Laguna,ULL015
87,Bases de Datos,3568974BDA,ING-Informática,2019/2020,VMM14584,M7QB,Plan 2018,Básica,Universidad de la Laguna,ULL015
88,Inteligencia Artificial,3568974INT,ING-Informática,2019/2020,VMM14584,M7QB,Plan 2018,Básica,Universidad de la Laguna,ULL015
89,Modelado de Sistemas Software,3568974MSS,ING-Informática,2019/2020,VMM14584,M7QB,Plan 2018,Básica,Universidad de la Laguna,ULL015
90,Análisis de Sistemas Software,3568974ASS,ING-Informática,2019/2020,VMM14584,M7QB,Plan 2018,Básica,Universidad de la Laguna,ULL015
91,Gestión de Riesgos en Ingeniería del Software,3568974GRI,ING-Informática,2019/2020,VMM14584,M7QB,Plan 2018,Básica,Universidad de la Laguna,ULL015
92,Lenguajes y Paradigmas de Programación,3568974LPP,ING-Informática,2019/2020,VMM14584,M7QB,Plan 2018,Básica,Universidad de la Laguna,ULL015
93,Administración y Diseño de Bases de Datos,3568974ADB,ING-Informática,2020/2021,VMM14584,M7QB,Plan 2018,Básica,Universidad de la Laguna,ULL015
94,Ingeniería Logística,3568974LOG,ING-Informática,2020/2021,VMM14584,M7QB,Plan 2018,Básica,Universidad de la Laguna,ULL015
95,Inteligencia Emocional,3568974IEM,ING-Informática,2020/2021,VMM14584,M7QB,Plan 2018,Básica,Universidad de la Laguna,ULL015
96,Laboratorio de Desarrollo y Herramientas,3568974LDH,ING-Informática,2020/2021,VMM14584,M7QB,Plan 2018,Básica,Universidad de la Laguna,ULL015
97,Normativa y Regulación,3568974NOR,ING-Informática,2020/2021,VMM14584,M7QB,Plan 2018,Básica,Universidad de la Laguna,ULL015
98,Diseño Arquitectónico y Patrones,3568974DAP,ING-Informática,2020/2021,VMM14584,M7QB,Plan 2018,Básica,Universidad de la Laguna,ULL015
99,Álgebra,3012315ALG,ING-Informática,2017/2018,CVM56789,M7QB,Plan 2018,Básica,Universidad de la Laguna,ULL015
100,Informática Básica,3012315INF,ING-Informática,2017/2018,CVM56789,M7QB,Plan 2018,Básica,Universidad de la Laguna,ULL015
101,Cálculo,3012315CAL,ING-Informática,2017/2018,CVM56789,M7QB,Plan 2018,Básica,Universidad de la Laguna,ULL015
102,Fundamentos Físicos para la Ingeniería,3012315FIS,ING-Informática,2017/2018,CVM56789,M7QB,Plan 2018,Básica,Universidad de la Laguna,ULL015
103,Algoritmos y Estructuras de Datos,3012315AED,ING-Informática,2017/2018,CVM56789,M7QB,Plan 2018,Básica,Universidad de la Laguna,ULL015
104,Principios de Computadores,3012315PRI,ING-Informática,2017/2018,CVM56789,M7QB,Plan 2018,Básica,Universidad de la Laguna,ULL015
105,Optimización,3012315OPT,ING-Informática,2017/2018,CVM56789,M7QB,Plan 2018,Básica,Universidad de la Laguna,ULL015
106,Sistemas Electrónicos Digitales,3012315SED,ING-Informática,2017/2018,CVM56789,M7QB,Plan 2018,Básica,Universidad de la Laguna,ULL015
107,Expresión Gráfica para la Ingeniería,3012315EXP,ING-Informática,2017/2018,CVM56789,M7QB,Plan 2018,Básica,Universidad de la Laguna,ULL015
108,Organizaciones Empresariales,3012315ORG,ING-Informática,2017/2018,CVM56789,M7QB,Plan 2018,Básica,Universidad de la Laguna,ULL015
109,Estructuras de Computadores,3012315EST,ING-Informática,2018/2019,CVM56789,M7QB,Plan 2018,Básica,Universidad de la Laguna,ULL015
110,Sistemas Operativos,3012315SIS,ING-Informática,2018/2019,CVM56789,M7QB,Plan 2018,Básica,Universidad de la Laguna,ULL015
111,Inglés Técnico,3012315ING,ING-Informática,2018/2019,CVM56789,M7QB,Plan 2018,Básica,Universidad de la Laguna,ULL015
112,Fundamentos de Ingeniería del Software,3012315FIS,ING-Informática,2018/2019,CVM56789,M7QB,Plan 2018,Básica,Universidad de la Laguna,ULL015
113,Código Deontológico y Aspectos Legales,3012315COD,ING-Informática,2018/2019,CVM56789,M7QB,Plan 2018,Básica,Universidad de la Laguna,ULL015
114,Estadística,3012315EST,ING-Informática,2018/2019,CVM56789,M7QB,Plan 2018,Básica,Universidad de la Laguna,ULL015
115,Computabilidad y Algoritmia,3012315COM,ING-Informática,2018/2019,CVM56789,M7QB,Plan 2018,Básica,Universidad de la Laguna,ULL015
116,Algoritmos y Estructuras de Datos Avanzados,3568974ALA,ING-Informática,2018/2019,CVM56789,M7QB,Plan 2018,Básica,Universidad de la Laguna,ULL015
117,Redes y Sistemas Distribuidos,3568974RED,ING-Informática,2018/2019,CVM56789,M7QB,Plan 2018,Básica,Universidad de la Laguna,ULL015
118,Administración de Sistemas,3568974ADM,ING-Informática,2018/2019,CVM56789,M7QB,Plan 2018,Básica,Universidad de la Laguna,ULL015
119,Trabajo Fin de Grado,3568974TFG,ING-Informática,2020/2021,VMM14584,M7QB,Plan 2018,Básica,Universidad de la Laguna,ULL015
120,Prácticas Externas,3568974PRE,ING-Informática,2020/2021,VMM14584,M7QB,Plan 2018,Básica,Universidad de la Laguna,ULL015
121,Trabajo Fin de Grado,3568974TFG,ING-Informática,2023/2024,FPM12345,M7QB,Plan 2018,Básica,Universidad de la Laguna,ULL015
122,Prácticas Externas,3568974PRE,ING-Informática,2023/2024,FPM12345,M7QB,Plan 2018,Básica,Universidad de la Laguna,ULL015
123,Informática Básica,3012315INF,ING-Informática,2018/2019,FRA98765,M7QB,Plan 2018,Básica,Universidad de la Laguna,ULL015
124,Álgebra,3012315ALG,ING-Informática,2018/2019,FRA98765,M7QB,Plan 2018,Básica,Universidad de la Laguna,ULL015
125,Cálculo,3012315CAL,ING-Informática,2018/2019,FRA98765,M7QB,Plan 2018,Básica,Universidad de la Laguna,ULL015
126,Fundamentos Físicos,3012315FIS,ING-Informática,2018/2019,FRA98765,M7QB,Plan 2018,Básica,Universidad de la Laguna,ULL015
127,Algoritmos y Estructuras de Datos,3012315AED,ING-Informática,2018/2019,FRA98765,M7QB,Plan 2018,Básica,Universidad de la Laguna,ULL015
128,Principios de Computadores,3012315PRI,ING-Informática,2018/2019,FRA98765,M7QB,Plan 2018,Básica,Universidad de la Laguna,ULL015
129,Optimización,3012315OPT,ING-Informática,2018/2019,FRA98765,M7QB,Plan 2018,Básica,Universidad de la Laguna,ULL015
130,Sistemas Electrónicos Digitales,3012315SED,ING-Informática,2018/2019,FRA98765,M7QB,Plan 2018,Básica,Universidad de la Laguna,ULL015
131,Expresión Gráfica,3012315EXP,ING-Informática,2018/2019,FRA98765,M7QB,Plan 2018,Básica,Universidad de la Laguna,ULL015
132,Organizaciones Empresariales,3012315ORG,ING-Informática,2018/2019,FRA98765,M7QB,Plan 2018,Básica,Universidad de la Laguna,ULL015
133,Estructuras de Computadores,3012315EST,ING-Informática,2019/2020,FRA98765,M7QB,Plan 2018,Básica,Universidad de la Laguna,ULL015
134,Sistemas Operativos,3012315SIS,ING-Informática,2019/2020,FRA98765,M7QB,Plan 2018,Básica,Universidad de la Laguna,ULL015
135,Inglés Técnico,3012315ING,ING-Informática,2019/2020,FRA98765,M7QB,Plan 2018,Básica,Universidad de la Laguna,ULL015
136,Fundamentos de Ingeniería del Software,3012315FIS,ING-Informática,2019/2020,FRA98765,M7QB,Plan 2018,Básica,Universidad de la Laguna,ULL015
137,Código Deontológico y Aspectos Legales,3012315COD,ING-Informática,2019/2020,FRA98765,M7QB,Plan 2018,Básica,Universidad de la Laguna,ULL015
138,Estadística,3012315EST,ING-Informática,2019/2020,FRA98765,M7QB,Plan 2018,Básica,Universidad de la Laguna,ULL015
139,Cálculo,3012315CAL,ING-Informática,2019/2020,FRA98765,M7QB,Plan 2018,Básica,Universidad de la Laguna,ULL015
140,Optimización,3012315OPT,ING-Informática,2019/2020,FRA98765,M7QB,Plan 2018,Básica,Universidad de la Laguna,ULL015
141,Sistema Electrónicos Digitales,3012315SED,ING-Informática,2019/2020,FRA98765,M7QB,Plan 2018,Básica,Universidad de la Laguna,ULL015
142,Algoritmos y Estructuras de Datos Avanzados,3568974ALA,ING-Informática,2019/2020,FRA98765,M7QB,Plan 2018,Básica,Universidad de la Laguna,ULL015
143,Computabilidad y Algoritmia,3012315COM,ING-Informática,2020/2021,FRA98765,M7QB,Plan 2018,Básica,Universidad de la Laguna,
144,Sistemas Operativos,3012315SIS,ING-Informática,2020/2021,FRA98765,M7QB,Plan 2018,Básica,Universidad de la Laguna,ULL015
145,Algoritmos y Estructuras de Datos Avanzados,3568974ALA,ING-Informática,2020/2021,FRA98765,M7QB,Plan 2018,Básica,Universidad de la Laguna,ULL015
146,Administración de Sistemas,3568974ADM,ING-Informática,2020/2021,FRA98765,M7QB,Plan 2018,Básica,Universidad de la Laguna,ULL015
147,Bases de Datos,3568974BDA,ING-Informática,2020/2021,FRA98765,M7QB,Plan 2018,Básica,Universidad de la Laguna,ULL015
148,Inteligencia Artificial,3568974INT,ING-Informática,2020/2021,FRA98765,M7QB,Plan 2018,Básica,Universidad de la Laguna,ULL015
149,Sistemas de Interacción Persona-Computador,3568974SIP,ING-Informática,2020/2021,FRA98765,M7QB,Plan 2018,Básica,Universidad de la Laguna,ULL015
150,Gestión de Proyectos Informáticos,3568974GPI,ING-Informática,2020/2021,FRA98765,M7QB,Plan 2018,Básica,Universidad de la Laguna,ULL015
151,Modelado de Sistemas Software,3568974MSS,ING-Informática,2020/2021,FRA98765,M7QB,Plan 2018,Básica,Universidad de la Laguna,ULL015
152,Análisis de Sistemas Software,3568974ASS,ING-Informática,2020/2021,FRA98765,M7QB,Plan 2018,Básica,Universidad de la Laguna,ULL015
153,Gestión de Riesgos en Ingeniería del Software,3568974GRI,ING-Informática,2022/2023,FRA98765,M7QB,Plan 2018,Básica,Universidad de la Laguna,ULL015
154,Computabilidad y Algoritmia,3012315COM,ING-Informática,2022/2023,FRA98765,M7QB,Plan 2018,Básica,Universidad de la Laguna,ULL015
155,Algoritmos y Estructuras de Datos Avanzados,3568974ALA,ING-Informática,2022/2023,FRA98765,M7QB,Plan 2018,Básica,Universidad de la Laguna,ULL015
156,Bases de Datos,3568974BDA,ING-Informática,2022/2023,FRA98765,M7QB,Plan 2018,Básica,Universidad de la Laguna,ULL015
157,Lenguajes y Paradigmas de Programación,3568974LPP,ING-Informática,2022/2023,FRA98765,M7QB,Plan 2018,Básica,Universidad de la Laguna,ULL015
158,Modelado de Sistemas Software,3568974MSS,ING-Informática,2022/2023,FRA98765,M7QB,Plan 2018,Básica,Universidad de la Laguna,ULL015
159,Gestión de la Calidad,3568974GCA,ING-Informática,2022/2023,FRA98765,M7QB,Plan 2018,Básica,Universidad de la Laguna,ULL015
160,Inteligencia Emocional,3568974IEM,ING-Informática,2022/2023,FRA98765,M7QB,Plan 2018,Básica,Universidad de la Laguna,ULL015
161,Normativa y Regulación,3568974NOR,ING-Informática,2022/2023,FRA98765,M7QB,Plan 2018,Básica,Universidad de la Laguna,ULL015
162,Computabilidad y Algoritmia,3012315COM,ING-Informática,2023/2024,FRA98765,M7QB,Plan 2018,Básica,Universidad de la Laguna,ULL015
163,Visión por Computador,3568974VPC,ING-Informática,2023/2024,FRA98765,M7QB,Plan 2018,Básica,Universidad de la Laguna,ULL015
164,Robótica Computacional,3568974RCO,ING-Informática,2023/2024,FRA98765,M7QB,Plan 2018,Básica,Universidad de la Laguna,ULL015
165,Prácticas Externas,3568974PRE,ING-Informática,2023/2024,FRA98765,M7QB,Plan 2018,Básica,Universidad de la Laguna,ULL015
166,Trabajo Fin de Grado,3568974TFG,ING-Informática,2023/2024,FRA98765,M7QB,Plan 2018,Básica,Universidad de la Laguna,ULL015
167,Laboratorio de Desarrollo y Herramientas,3568974LDH,ING-Informática,2023/2024,FRA98765,M7QB,Plan 2018,Básica,Universidad de la Laguna,ULL015
168,Diseño Arquitectónico y Patrones,3568974DAP,ING-Informática,2023/2024,FRA98765,M7QB,Plan 2018,Básica,Universidad de la Laguna,ULL015
169,Dirección y Gestión de Proyectos,3568974DGP,M-Informática,2023/2024,FPM12345,M7QB,Plan 2018,Básica,Universidad de la Laguna,ULL015
170,Administración de Infraestructuras TIC y Sistemas,3568974AIT,M-Informática,2023/2024,FPM12345,M7QB,Plan 2018,Básica,Universidad de la Laguna,ULL015
171,Sistemas y Tecnologías Web Cliente,3568974STW,M-Informática,2023/2024,FPM12345,M7QB,Plan 2018,Básica,Universidad de la Laguna,ULL015
172,Sistemas y Tecnologías Web Servidor,3568974STS,M-Informática,2023/2024,FPM12345,M7QB,Plan 2018,Básica,Universidad de la Laguna,ULL015
173,Gestión de Comunicación y Conocimiento Empresarial,3568974GCE,M-Informática,2023/2024,FPM12345,M7QB,Plan 2018,Básica,Universidad de la Laguna,ULL015
174,Computación en la Nube,3568974CCN,M-Informática,2023/2024,FPM12345,M7QB,Plan 2018,Básica,Universidad de la Laguna,ULL015
175,Ánalisis de Datos Masivos,3568974ADM,M-Informática,2023/2024,FPM12345,M7QB,Plan 2018,Básica,Universidad de la Laguna,ULL015
176,Sistemas y Técnologías Web Arquitectura,3568974STA,M-Informática,2023/2024,FPM12345,M7QB,Plan 2018,Básica,Universidad de la Laguna,ULL015
177,Sistemas y Tecnologías Despliegue y Mantenimiento,3568974SDM,M-Informática,2023/2024,FPM12345,M7QB,Plan 2018,Básica,Universidad de la Laguna,ULL015
178,Seguridad en Sistemas y Tecnologías Web,3568974SST,M-Informática,2023/2024,FPM12345,M7QB,Plan 2018,Básica,Universidad de la Laguna,ULL015
179,Trabajo de Fin de Máster,3568974TFM,M-Informática,2024/2025,FPM12345,M7QB,Plan 2018,Básica,Universidad de la Laguna,ULL015
180,Física 1,7894561FIS,ING-Electrónica,2017/2018,EJM11111,M7QB,Plan 2018,Básica,Universidad de la Laguna,ULL015
182,Expresión Gráfica,7894561EXP,ING-Electrónica,2017/2018,EJM11111,M7QB,Plan 2018,Básica,Universidad de la Laguna,ULL015
183,Informática,7894561INF,ING-Electrónica,2017/2018,EJM11111,M7QB,Plan 2018,Básica,Universidad de la Laguna,ULL015
184,Fundamentos Matemáticos,7894561FMA,ING-Electrónica,2017/2018,EJM11111,M7QB,Plan 2018,Básica,Universidad de la Laguna,ULL015
185,Fisíca 2,7894531FIS,ING-Electrónica,2017/2018,EJM11111,M7QB,Plan 2018,Básica,Universidad de la Laguna,ULL015
187,Métodos Estadísticos,7894561MES,ING-Electrónica,2017/2018,EJM11111,M7QB,Plan 2018,Básica,Universidad de la Laguna,ULL015
188,Cálculo,7894561CAL,ING-Electrónica,2017/2018,EJM11111,M7QB,Plan 2018,Básica,Universidad de la Laguna,ULL015
189,Fundamentos Químicos en la Ingeniería,7894561FQU,ING-Electrónica,2017/2018,EJM11111,M7QB,Plan 2018,Básica,Universidad de la Laguna,ULL015
190,Organización y Gestión Empresarial,7894561OGE,ING-Electrónica,2017/2018,EJM11111,M7QB,Plan 2018,Básica,Universidad de la Laguna,ULL015
191,Ingeniería Fluidomecánica,7894561IFL,ING-Electrónica,2018/2019,EJM11111,M7QB,Plan 2018,Básica,Universidad de la Laguna,ULL015
192,Ingeniería de Materiales,7894561IMA,ING-Electrónica,2018/2019,EJM11111,M7QB,Plan 2018,Básica,Universidad de la Laguna,ULL015
193,Automatización y Control Industrial,7894561ACI,ING-Electrónica,2018/2019,EJM11111,M7QB,Plan 2018,Básica,Universidad de la Laguna,ULL015
194,Fundamentos de Ingeniería Eléctrica,7894561FIE,ING-Electrónica,2018/2019,EJM11111,M7QB,Plan 2018,Básica,Universidad de la Laguna,ULL015
195,Fundamentos de Ingeniería Electrónica,7894561FEL,ING-Electrónica,2018/2019,EJM11111,M7QB,Plan 2018,Básica,Universidad de la Laguna,ULL015
196,Elasticidad y Resistencia de Materiales,7894561ERM,ING-Electrónica,2018/2019,EJM11111,M7QB,Plan 2018,Básica,Universidad de la Laguna,ULL015
197,Ingeniería Térmica,7894561ITE,ING-Electrónica,2018/2019,EJM11111,M7QB,Plan 2018,Básica,Universidad de la Laguna,ULL015
198,Tecnología de Procesos de Fabricación,7894561TPF,ING-Electrónica,2018/2019,EJM11111,M7QB,Plan 2018,Básica,Universidad de la Laguna,ULL015
199,Organización y Gestión de Proyectos,7894561OGP,ING-Electrónica,2018/2019,EJM11111,M7QB,Plan 2018,Básica,Universidad de la Laguna,ULL015
200,Electrónica Analógica,7894561EAN,ING-Electrónica,2019/2020,EJM11111,M7QB,Plan 2018,Básica,Universidad de la Laguna,ULL015
201,Electrónica Digital,7894561EDI,ING-Electrónica,2019/2020,EJM11111,M7QB,Plan 2018,Básica,Universidad de la Laguna,ULL015
202,Modelado y Simulación de Sistemas,7894561MSS,ING-Electrónica,2019/2020,EJM11111,M7QB,Plan 2018,Básica,Universidad de la Laguna,ULL015
203,Ampliación de Ingeniería Eléctrica,7894561AIE,ING-Electrónica,2019/2020,EJM11111,M7QB,Plan 2018,Básica,Universidad de la Laguna,ULL015
204,Preveción de Riesgos Laborales,7894561PRL,ING-Electrónica,2019/2020,EJM11111,M7QB,Plan 2018,Básica,Universidad de la Laguna,ULL015
205,Instrumentación Electrónica,7894561INE,ING-Electrónica,2019/2020,EJM11111,M7QB,Plan 2018,Básica,Universidad de la Laguna,ULL015
206,Ingeniería de Control,7894561ICO,ING-Electrónica,2019/2020,EJM11111,M7QB,Plan 2018,Básica,Universidad de la Laguna,ULL015
207,Sistemas de Comunicación,7894561SDC,ING-Electrónica,2019/2020,EJM11111,M7QB,Plan 2018,Básica,Universidad de la Laguna,ULL015
208,Sistemas Robotizados,7894561SRO,ING-Electrónica,2019/2020,EJM11111,M7QB,Plan 2018,Básica,Universidad de la Laguna,ULL015
209,Oficina Técnica/Proyectos,7894561OTP,ING-Electrónica,2020/2021,EJM11111,M7QB,Plan 2018,Básica,Universidad de la Laguna,ULL015
210,Electrónica de Potencia,7894561EPO,ING-Electrónica,2020/2021,EJM11111,M7QB,Plan 2018,Básica,Universidad de la Laguna,ULL015
211,Informática Industrial,7894561IIN,ING-Electrónica,2020/2021,EJM11111,M7QB,Plan 2018,Básica,Universidad de la Laguna,ULL015
212,Automatización Industrial Avanzada,7894561AIA,ING-Electrónica,2020/2021,EJM11111,M7QB,Plan 2018,Básica,Universidad de la Laguna,ULL015
213,Proyectos de Instalaciones,7894561PIN,ING-Electrónica,2020/2021,EJM11111,M7QB,Plan 2018,Básica,Universidad de la Laguna,ULL015
214,Prácticas Externas,7894561PRE,ING-Electrónica,2020/2021,EJM11111,M7QB,Plan 2018,Básica,Universidad de la Laguna,ULL015
215,Trabajo Fin de Grado,7894561TFG,ING-Electrónica,2020/2021,EJM11111,M7QB,Plan 2018,Básica,Universidad de la Laguna,ULL015
216,Fisiología y Fisiopatología,5689741FFI,SALUD-Enfermería,2017/2018,KKK00000,M7QB,Plan 2018,Básica,Universidad de la Laguna,ULL015
217,Investigación y Enfermería, 5689741IYE,SALUD-Enfermería,2017/2018,KKK00000,M7QB,Plan 2018,Básica,Universidad de la Laguna,ULL015
218,Anatomía Humana e Histología,5689741AAH,SALUD-Enfermería,2017/2018,KKK00000,M7QB,Plan 2018,Básica,Universidad de la Laguna,ULL015
219,Bioquímica y Nutrición,5689741BQN,SALUD-Enfermería,2017/2018,KKK00000,M7QB,Plan 2018,Básica,Universidad de la Laguna,ULL015
220,Antropología y Bases Teóricas de la Enfermería,5689741ABE,SALUD-Enfermería,2017/2018,KKK00000,M7QB,Plan 2018,Básica,Universidad de la Laguna,ULL015
221,Física Aplicada,5689741FAP,SALUD-Enfermería,2017/2018,KKK00000,M7QB,Plan 2018,Básica,Universidad de la Laguna,ULL015
222,Inglés para la Salud,5689741IPS,SALUD-Enfermería,2017/2018,KKK00000,M7QB,Plan 2018,Básica,Universidad de la Laguna,ULL015
223,Educación para la Salud,5689741EPS,SALUD-Enfermería,2017/2018,KKK00000,M7QB,Plan 2018,Básica,Universidad de la Laguna,ULL015
224,Prácticas Clinicas I,5689741PCI,SALUD-Enfermería,2017/2018,KKK00000,M7QB,Plan 2018,Básica,Universidad de la Laguna,ULL015
225,Enfermería Clinica I,5689741ECI,SALUD-Enfermería,2018/2019,KKK00000,M7QB,Plan 2018,Básica,Universidad de la Laguna,ULL015
226,Ciencias Psicosociales Aplicadas,5689741CPA,SALUD-Enfermería,2018/2019,KKK00000,M7QB,Plan 2018,Básica,Universidad de la Laguna,ULL015
227,Farmacología y Diétitica,5689741FDI,SALUD-Enfermería,2018/2019,KKK00000,M7QB,Plan 2018,Básica,Universidad de la Laguna,ULL015
228,Bases Teóricas y Metodológicas de la Enfermería,5689741BME,SALUD-Enfermería,2018/2019,KKK00000,M7QB,Plan 2018,Básica,Universidad de la Laguna,ULL015
229,Enfermería Comunitaria,5689741ECO,SALUD-Enfermería,2018/2019,KKK00000,M7QB,Plan 2018,Básica,Universidad de la Laguna,ULL015
230,Enfermería Clinica II,5689741ECI,SALUD-Enfermería,2018/2019,KKK00000,M7QB,Plan 2018,Básica,Universidad de la Laguna,ULL015
231,Prácticas Clínicas II,5689741PC2,SALUD-Enfermería,2018/2019,KKK00000,M7QB,Plan 2018,Básica,Universidad de la Laguna,ULL015
232,Enfermería de la Infancia y Adolescencia,5689741EIA,SALUD-Enfermería,2019/2020,KKK00000,M7QB,Plan 2018,Básica,Universidad de la Laguna,ULL015
233,Enfermería Clinica Avanzada I,5689741ECA,SALUD-Enfermería,2019/2020,KKK00000,M7QB,Plan 2018,Básica,Universidad de la Laguna,ULL015
234,Prácticas Clinicas III,5689741PC3,SALUD-Enfermería,2019/2020,KKK00000,M7QB,Plan 2018,Básica,Universidad de la Laguna,ULL015
235,Prácticas Clinicas IV,5689741PC4,SALUD-Enfermería,2019/2020,KKK00000,M7QB,Plan 2018,Básica,Universidad de la Laguna,ULL015
236,Enfermería Clinica Avanzada,5689741ECA,SALUD-Enfermería,2019/2020,KKK00000,M7QB,Plan 2018,Básica,Universidad de la Laguna,ULL015
237,Inglés Aplicado para la Comunicación en Salud,5689741IAC,SALUD-Enfermería,2019/2020,KKK00000,M7QB,Plan 2018,Básica,Universidad de la Laguna,ULL015
238,Habilidades Interpersonales y Comunicación,5689741HIC,SALUD-Enfermería,2019/2020,KKK00000,M7QB,Plan 2018,Básica,Universidad de la Laguna,ULL015
239,Procesos Psicosociales,5689741PPS,SALUD-Enfermería,2019/2020,KKK00000,M7QB,Plan 2018,Básica,Universidad de la Laguna,ULL015
240,Enfermería en Quirófano,5689741EQI,SALUD-Enfermería,2019/2020,KKK00000,M7QB,Plan 2018,Básica,Universidad de la Laguna,ULL015
241,Prácticas Externas,5689741PRE,SALUD-Enfermería,2020/2021,KKK00000,M7QB,Plan 2018,Básica,Universidad de la Laguna,ULL015
242,Trabajo Fin de Grado,5689741TFG,SALUD-Enfermería,2020/2021,KKK00000,M7QB,Plan 2018,Básica,Universidad de la Laguna,ULL015